Id,Category
00000.jpeg,0
00001.jpeg,1
00002.jpeg,1
00003.jpeg,2
00004.jpeg,1
00005.jpeg,1
00006.jpeg,1
00007.jpeg,0
00008.jpeg,2
00009.jpeg,1
00010.jpeg,0
00011.jpeg,1
00012.jpeg,1
00013.jpeg,0
00014.jpeg,1
00015.jpeg,0
00016.jpeg,1
00017.jpeg,2
00018.jpeg,1
00019.jpeg,0
00020.jpeg,1
00021.jpeg,0
00022.jpeg,0
00023.jpeg,1
00024.jpeg,2
00025.jpeg,1
00026.jpeg,0
00027.jpeg,1
00028.jpeg,1
00029.jpeg,2
00030.jpeg,0
00031.jpeg,1
00032.jpeg,1
00033.jpeg,2
00034.jpeg,2
00035.jpeg,2
00036.jpeg,0
00037.jpeg,1
00038.jpeg,1
00039.jpeg,1
00040.jpeg,0
00041.jpeg,1
00042.jpeg,1
00043.jpeg,1
00044.jpeg,1
00045.jpeg,0
00046.jpeg,1
00047.jpeg,0
00048.jpeg,2
00049.jpeg,1
00050.jpeg,1
00051.jpeg,0
00052.jpeg,1
00053.jpeg,0
00054.jpeg,2
00055.jpeg,2
00056.jpeg,0
00057.jpeg,1
00058.jpeg,2
00059.jpeg,2
00060.jpeg,1
00061.jpeg,0
00062.jpeg,1
00063.jpeg,0
00064.jpeg,2
00065.jpeg,1
00066.jpeg,2
00067.jpeg,1
00068.jpeg,0
00069.jpeg,1
00070.jpeg,0
00071.jpeg,1
00072.jpeg,1
00073.jpeg,0
00074.jpeg,1
00075.jpeg,1
00076.jpeg,1
00077.jpeg,2
00078.jpeg,0
00079.jpeg,2
00080.jpeg,0
00081.jpeg,2
00082.jpeg,1
00083.jpeg,0
00084.jpeg,1
00085.jpeg,1
00086.jpeg,1
00087.jpeg,1
00088.jpeg,1
00089.jpeg,1
00090.jpeg,0
00091.jpeg,1
00092.jpeg,2
00093.jpeg,2
00094.jpeg,0
00095.jpeg,0
00096.jpeg,0
00097.jpeg,1
00098.jpeg,0
00099.jpeg,0
00100.jpeg,0
00101.jpeg,0
00102.jpeg,0
00103.jpeg,1
00104.jpeg,2
00105.jpeg,1
00106.jpeg,2
00107.jpeg,0
00108.jpeg,1
00109.jpeg,0
00110.jpeg,2
00111.jpeg,0
00112.jpeg,1
00113.jpeg,2
00114.jpeg,0
00115.jpeg,0
00116.jpeg,0
00117.jpeg,0
00118.jpeg,1
00119.jpeg,1
00120.jpeg,0
00121.jpeg,0
00122.jpeg,1
00123.jpeg,0
00124.jpeg,1
00125.jpeg,1
00126.jpeg,1
00127.jpeg,1
00128.jpeg,1
00129.jpeg,1
00130.jpeg,1
00131.jpeg,0
00132.jpeg,1
00133.jpeg,1
00134.jpeg,1
00135.jpeg,0
00136.jpeg,1
00137.jpeg,0
00138.jpeg,2
00139.jpeg,1
00140.jpeg,1
00141.jpeg,1
00142.jpeg,1
00143.jpeg,1
00144.jpeg,1
00145.jpeg,0
00146.jpeg,2
00147.jpeg,1
00148.jpeg,0
00149.jpeg,0
00150.jpeg,1
00151.jpeg,1
00152.jpeg,2
00153.jpeg,0
00154.jpeg,1
00155.jpeg,0
00156.jpeg,1
00157.jpeg,2
00158.jpeg,2
00159.jpeg,1
00160.jpeg,0
00161.jpeg,1
00162.jpeg,2
00163.jpeg,1
00164.jpeg,0
00165.jpeg,0
00166.jpeg,2
00167.jpeg,1
00168.jpeg,1
00169.jpeg,2
00170.jpeg,2
00171.jpeg,2
00172.jpeg,1
00173.jpeg,0
00174.jpeg,0
00175.jpeg,2
00176.jpeg,1
00177.jpeg,0
00178.jpeg,1
00179.jpeg,0
00180.jpeg,2
00181.jpeg,1
00182.jpeg,0
00183.jpeg,1
00184.jpeg,0
00185.jpeg,1
00186.jpeg,1
00187.jpeg,0
00188.jpeg,2
00189.jpeg,2
00190.jpeg,0
00191.jpeg,1
00192.jpeg,2
00193.jpeg,2
00194.jpeg,0
00195.jpeg,2
00196.jpeg,1
00197.jpeg,1
00198.jpeg,0
00199.jpeg,1
00200.jpeg,2
00201.jpeg,1
00202.jpeg,0
00203.jpeg,1
00204.jpeg,1
00205.jpeg,0
00206.jpeg,0
00207.jpeg,1
00208.jpeg,0
00209.jpeg,1
00210.jpeg,1
00211.jpeg,0
00212.jpeg,2
00213.jpeg,2
00214.jpeg,1
00215.jpeg,1
00216.jpeg,1
00217.jpeg,2
00218.jpeg,1
00219.jpeg,1
00220.jpeg,0
00221.jpeg,2
00222.jpeg,1
00223.jpeg,0
00224.jpeg,1
00225.jpeg,1
00226.jpeg,2
00227.jpeg,1
00228.jpeg,1
00229.jpeg,0
00230.jpeg,1
00231.jpeg,0
00232.jpeg,1
00233.jpeg,0
00234.jpeg,1
00235.jpeg,2
00236.jpeg,0
00237.jpeg,2
00238.jpeg,2
00239.jpeg,1
00240.jpeg,1
00241.jpeg,0
00242.jpeg,0
00243.jpeg,2
00244.jpeg,0
00245.jpeg,0
00246.jpeg,2
00247.jpeg,2
00248.jpeg,2
00249.jpeg,2
00250.jpeg,1
00251.jpeg,2
00252.jpeg,0
00253.jpeg,0
00254.jpeg,1
00255.jpeg,1
00256.jpeg,2
00257.jpeg,0
00258.jpeg,1
00259.jpeg,2
00260.jpeg,0
00261.jpeg,1
00262.jpeg,0
00263.jpeg,1
00264.jpeg,0
00265.jpeg,0
00266.jpeg,0
00267.jpeg,2
00268.jpeg,2
00269.jpeg,1
00270.jpeg,2
00271.jpeg,1
00272.jpeg,1
00273.jpeg,1
00274.jpeg,0
00275.jpeg,1
00276.jpeg,2
00277.jpeg,1
00278.jpeg,1
00279.jpeg,0
00280.jpeg,1
00281.jpeg,2
00282.jpeg,2
00283.jpeg,0
00284.jpeg,2
00285.jpeg,0
00286.jpeg,0
00287.jpeg,1
00288.jpeg,1
00289.jpeg,0
00290.jpeg,1
00291.jpeg,1
00292.jpeg,1
00293.jpeg,0
00294.jpeg,0
00295.jpeg,0
00296.jpeg,2
00297.jpeg,1
00298.jpeg,1
00299.jpeg,0
00300.jpeg,0
00301.jpeg,2
00302.jpeg,1
00303.jpeg,1
00304.jpeg,0
00305.jpeg,0
00306.jpeg,1
00307.jpeg,1
00308.jpeg,1
00309.jpeg,1
00310.jpeg,2
00311.jpeg,1
00312.jpeg,0
00313.jpeg,0
00314.jpeg,0
00315.jpeg,2
00316.jpeg,1
00317.jpeg,2
00318.jpeg,2
00319.jpeg,1
00320.jpeg,2
00321.jpeg,1
00322.jpeg,1
00323.jpeg,2
00324.jpeg,1
00325.jpeg,0
00326.jpeg,1
00327.jpeg,1
00328.jpeg,0
00329.jpeg,2
00330.jpeg,0
00331.jpeg,2
00332.jpeg,1
00333.jpeg,1
00334.jpeg,1
00335.jpeg,0
00336.jpeg,2
00337.jpeg,1
00338.jpeg,0
00339.jpeg,0
00340.jpeg,1
00341.jpeg,0
00342.jpeg,1
00343.jpeg,2
00344.jpeg,2
00345.jpeg,1
00346.jpeg,1
00347.jpeg,1
00348.jpeg,0
00349.jpeg,0
00350.jpeg,1
00351.jpeg,1
00352.jpeg,1
00353.jpeg,1
00354.jpeg,0
00355.jpeg,0
00356.jpeg,0
00357.jpeg,2
00358.jpeg,0
00359.jpeg,1
00360.jpeg,1
00361.jpeg,0
00362.jpeg,2
00363.jpeg,2
00364.jpeg,2
00365.jpeg,2
00366.jpeg,2
00367.jpeg,1
00368.jpeg,0
00369.jpeg,2
00370.jpeg,2
00371.jpeg,1
00372.jpeg,1
00373.jpeg,1
00374.jpeg,0
00375.jpeg,0
00376.jpeg,2
00377.jpeg,1
00378.jpeg,1
00379.jpeg,0
00380.jpeg,1
00381.jpeg,0
00382.jpeg,2
00383.jpeg,2
00384.jpeg,0
00385.jpeg,1
00386.jpeg,0
00387.jpeg,0
00388.jpeg,1
00389.jpeg,2
00390.jpeg,1
00391.jpeg,0
00392.jpeg,1
00393.jpeg,0
00394.jpeg,1
00395.jpeg,0
00396.jpeg,0
00397.jpeg,2
00398.jpeg,1
00399.jpeg,1
00400.jpeg,1
00401.jpeg,1
00402.jpeg,1
00403.jpeg,2
00404.jpeg,0
00405.jpeg,1
00406.jpeg,1
00407.jpeg,2
00408.jpeg,0
00409.jpeg,1
00410.jpeg,0
00411.jpeg,1
00412.jpeg,0
00413.jpeg,0
00414.jpeg,1
00415.jpeg,0
00416.jpeg,1
00417.jpeg,0
00418.jpeg,1
00419.jpeg,0
00420.jpeg,1
00421.jpeg,0
00422.jpeg,1
00423.jpeg,0
00424.jpeg,1
00425.jpeg,0
00426.jpeg,1
00427.jpeg,0
00428.jpeg,1
00429.jpeg,1
00430.jpeg,1
00431.jpeg,1
00432.jpeg,1
00433.jpeg,0
00434.jpeg,2
00435.jpeg,2
00436.jpeg,0
00437.jpeg,2
00438.jpeg,0
00439.jpeg,0
00440.jpeg,0
00441.jpeg,2
00442.jpeg,1
00443.jpeg,1
00444.jpeg,1
00445.jpeg,1
00446.jpeg,0
00447.jpeg,2
00448.jpeg,1
00449.jpeg,2
00450.jpeg,1
00451.jpeg,1
00452.jpeg,2
00453.jpeg,1
00454.jpeg,0
00455.jpeg,1
00456.jpeg,0
00457.jpeg,1
00458.jpeg,0
00459.jpeg,0
00460.jpeg,1
00461.jpeg,1
00462.jpeg,1
00463.jpeg,1
00464.jpeg,2
00465.jpeg,1
00466.jpeg,1
00467.jpeg,1
00468.jpeg,1
00469.jpeg,2
00470.jpeg,0
00471.jpeg,2
00472.jpeg,0
00473.jpeg,0
00474.jpeg,1
00475.jpeg,2
00476.jpeg,2
00477.jpeg,1
00478.jpeg,1
00479.jpeg,1
00480.jpeg,1
00481.jpeg,0
00482.jpeg,0
00483.jpeg,0
00484.jpeg,0
00485.jpeg,0
00486.jpeg,1
00487.jpeg,0
00488.jpeg,1
00489.jpeg,1
00490.jpeg,1
00491.jpeg,2
00492.jpeg,1
00493.jpeg,0
00494.jpeg,2
00495.jpeg,1
00496.jpeg,2
00497.jpeg,1
00498.jpeg,1
00499.jpeg,1
00500.jpeg,2
00501.jpeg,1
00502.jpeg,2
00503.jpeg,0
00504.jpeg,0
00505.jpeg,0
00506.jpeg,2
00507.jpeg,1
00508.jpeg,0
00509.jpeg,0
00510.jpeg,0
00511.jpeg,1
00512.jpeg,2
00513.jpeg,0
00514.jpeg,2
00515.jpeg,0
00516.jpeg,0
00517.jpeg,0
00518.jpeg,2
00519.jpeg,1
00520.jpeg,1
00521.jpeg,1
00522.jpeg,0
00523.jpeg,1
00524.jpeg,1
00525.jpeg,0
00526.jpeg,1
00527.jpeg,1
00528.jpeg,2
00529.jpeg,0
00530.jpeg,0
00531.jpeg,0
00532.jpeg,0
00533.jpeg,2
00534.jpeg,0
00535.jpeg,1
00536.jpeg,0
00537.jpeg,0
00538.jpeg,0
00539.jpeg,0
00540.jpeg,1
00541.jpeg,1
00542.jpeg,0
00543.jpeg,1
00544.jpeg,0
00545.jpeg,2
00546.jpeg,1
00547.jpeg,0
00548.jpeg,1
00549.jpeg,1
00550.jpeg,1
00551.jpeg,1
00552.jpeg,0
00553.jpeg,0
00554.jpeg,1
00555.jpeg,0
00556.jpeg,1
00557.jpeg,0
00558.jpeg,0
00559.jpeg,1
00560.jpeg,1
00561.jpeg,0
00562.jpeg,1
00563.jpeg,0
00564.jpeg,1
00565.jpeg,0
00566.jpeg,1
00567.jpeg,1
00568.jpeg,1
00569.jpeg,1
00570.jpeg,1
00571.jpeg,2
00572.jpeg,1
00573.jpeg,1
00574.jpeg,1
00575.jpeg,1
00576.jpeg,0
00577.jpeg,0
00578.jpeg,1
00579.jpeg,0
00580.jpeg,0
00581.jpeg,1
00582.jpeg,2
00583.jpeg,2
00584.jpeg,1
00585.jpeg,0
00586.jpeg,2
00587.jpeg,0
00588.jpeg,1
00589.jpeg,1
00590.jpeg,0
00591.jpeg,1
00592.jpeg,2
00593.jpeg,2
00594.jpeg,1
00595.jpeg,1
00596.jpeg,1
00597.jpeg,1
00598.jpeg,0
00599.jpeg,0
00600.jpeg,1
00601.jpeg,1
00602.jpeg,1
00603.jpeg,0
00604.jpeg,1
00605.jpeg,1
00606.jpeg,1
00607.jpeg,1
00608.jpeg,2
00609.jpeg,2
00610.jpeg,1
00611.jpeg,0
00612.jpeg,2
00613.jpeg,2
00614.jpeg,0
00615.jpeg,0
00616.jpeg,1
00617.jpeg,1
00618.jpeg,1
00619.jpeg,0
00620.jpeg,1
00621.jpeg,0
00622.jpeg,2
00623.jpeg,1
